URL,Title
https://www.geeksforgeeks.org/,
https://www.geeksforgeeks.org/trending/,Trending Now
https://www.geeksforgeeks.org/data-structures/,Data Structures
https://www.geeksforgeeks.org/fundamentals-of-algorithms/,Algorithms
https://www.geeksforgeeks.org/system-design-tutorial/,System Design
https://www.geeksforgeeks.org/courses/category/programming-languages?courseFeeType=paid&utm_source=geeksforgeeks&utm_medium=sub_header&utm_campaign=courses,Foundational Courses
https://www.geeksforgeeks.org/courses/data-science-live?itm_source=geeksforgeeks&itm_medium=gfg_submenu&itm_campaign=DS_Submenu,Data Science
https://practice.geeksforgeeks.org/explore?page=1&sortBy=submissions,Practice Problem
https://www.geeksforgeeks.org/python-programming-language/,Python
https://www.geeksforgeeks.org/machine-learning/,Machine Learning
https://www.geeksforgeeks.org/data-science-tutorial/,Data Science Using Python
https://www.geeksforgeeks.org/django-tutorial/,Django
https://www.geeksforgeeks.org/devops-tutorial/,DevOps
https://www.geeksforgeeks.org/javascript/,JavaScript
https://www.geeksforgeeks.org/java/,Java
https://www.geeksforgeeks.org/c-programming-language/,C
https://www.geeksforgeeks.org/c-plus-plus/,C++
https://www.geeksforgeeks.org/learn-reactjs/,ReactJS
https://www.geeksforgeeks.org/nodejs/,NodeJS
https://www.geeksforgeeks.org/web-development/,Web Development
https://www.geeksforgeeks.org/web-design/,Web Design
https://www.geeksforgeeks.org/web-browser-a-complete-overview/,Web Browser
https://www.geeksforgeeks.org/courses/competitive-programming-live?itm_source=geeksforgeeks&itm_medium=gfg_submenu&itm_campaign=DS_Submenu,CP Live
https://www.geeksforgeeks.org/aptitude-questions-and-answers/,Aptitude
https://www.geeksforgeeks.org/puzzles/,Puzzles
https://www.geeksforgeeks.org/computer-science-projects/,Projects
https://www.geeksforgeeks.org/learn-data-structures-and-algorithms-dsa-tutorial/,DSA
https://www.geeksforgeeks.org/software-design-patterns/,Design Patterns
https://www.geeksforgeeks.org/software-development/,Software Development
https://www.geeksforgeeks.org/seo-search-engine-optimization/,SEO
https://www.geeksforgeeks.org/product-management/,Product Management
https://www.geeksforgeeks.org/sap-systems-applications-and-products/,SAP
https://www.geeksforgeeks.org/programming-tutorial/,Programming
https://www.geeksforgeeks.org/courses?utm_source=geeksforgeeks&utm_medium=homepage_gfgpremium&utm_campaign=inbound_promotions,Unlock 90% Refund
https://practice.geeksforgeeks.org/courses/dsa-self-paced?utm_source=geeksforgeeks&utm_medium=homepage_dsa&utm_campaign=inbound_promotions,DSA: Basic To Advanced Course
https://www.geeksforgeeks.org/courses/full-stack-node?utm_source=geeksforgeeks&utm_medium=homepage_fullstack&utm_campaign=inbound_promotions,Full Stack Live Classes
https://www.geeksforgeeks.org/learn-data-structures-and-algorithms-dsa-tutorial/?ref=home-articlecards,Data Structure and AlgorithmsView more
https://www.geeksforgeeks.org/explore?page=1&sortBy=submissions&ref=home-articlecards,Practice DSAView more
https://www.geeksforgeeks.org/ai-ml-ds/?ref=home-articlecards,AI ML & Data ScienceView more
https://www.geeksforgeeks.org/web-development/?ref=home-articlecards,Web DevelopmentView more
https://www.geeksforgeeks.org/python-programming-language/?ref=home-articlecards,PythonView more
https://www.geeksforgeeks.org/machine-learning/?ref=home-articlecards,Machine LearningView more
https://www.geeksforgeeks.org/system-design-tutorial/?ref=home-articlecards,System DesignView more
https://www.geeksforgeeks.org/devops-tutorial/?ref=home-articlecards,DevOpsView more
https://www.geeksforgeeks.org/courses?itm_source=geeksforgeeks&itm_medium=newui_home&itm_campaign=courses,View All
https://www.geeksforgeeks.org/courses/dsa-to-development-coding-guide/?itm_source=geeksforgeeks&itm_medium=newui_home&itm_campaign=courses,4.5DSA to Development: A Complete GuideBeginner to Advance348k+interested GeeksExplore now
https://www.geeksforgeeks.org/courses/Java-backend-live/?itm_source=geeksforgeeks&itm_medium=newui_home&itm_campaign=courses,4.8JAVA Backend Development - LiveIntermediate and Advance223k+interested GeeksExplore now
https://www.geeksforgeeks.org/courses/interviewe-101-data-structures-algorithm-system-design/?itm_source=geeksforgeeks&itm_medium=newui_home&itm_campaign=courses,4.9Tech Interview 101 - From DSA to System Design for Working ProfessionalsBeginner to Advance299k+interested GeeksExplore now
https://www.geeksforgeeks.org/courses/complete-guide-to-software-testing-automation/?itm_source=geeksforgeeks&itm_medium=newui_home&itm_campaign=courses,4.5Manual to Automation Testing: A QA Engineer's GuideBeginner to Advance32k+interested GeeksExplore now
https://www.geeksforgeeks.org/courses/java-online-course-complete-beginner-to-advanced/?itm_source=geeksforgeeks&itm_medium=newui_home&itm_campaign=courses,4.7Java Programming Online Course [Complete Beginner to Advanced]Beginner to Advance220k+interested GeeksExplore now
https://www.geeksforgeeks.org/courses/cpp-programming-basic-to-advanced/?itm_source=geeksforgeeks&itm_medium=newui_home&itm_campaign=courses,4.7C++ Programming Course Online - Complete Beginner to AdvancedBeginner to Advance191k+interested GeeksExplore now
https://www.geeksforgeeks.org/learn-data-structures-and-algorithms-dsa-tutorial/?ref=home_viewall_row1,View All
https://www.geeksforgeeks.org/complete-guide-on-complexity-analysis/?ref=home-articlecards,Analysis of Algorithms
https://www.geeksforgeeks.org/array-data-structure/?ref=home-articlecards,Array
https://www.geeksforgeeks.org/data-structures/linked-list/?ref=home-articlecards,Linked List
https://www.geeksforgeeks.org/searching-algorithms/?ref=home-articlecards,Searching Algorithms
https://www.geeksforgeeks.org/stack-data-structure/?ref=home-articlecards,Stack
https://www.geeksforgeeks.org/sorting-algorithms/?ref=home-articlecards,Sorting Algorithms
https://www.geeksforgeeks.org/queue-data-structure/?ref=home-articlecards,Queue
https://www.geeksforgeeks.org/graph-data-structure-and-algorithms/?ref=home-articlecards,Graph
https://www.geeksforgeeks.org/ai-ml-ds/?ref=home_viewall_row2,View All
https://www.geeksforgeeks.org/artificial-intelligence/?ref=home-articlecards,Artificial Intelligence
https://www.geeksforgeeks.org/machine-learning/?ref=home-articlecards,Machine Learning
https://www.geeksforgeeks.org/data-science-tutorial/?ref=home-articlecards,Data Science
https://www.geeksforgeeks.org/data-analysis-tutorial/?ref=home-articlecards,Data Analysis
https://www.geeksforgeeks.org/deep-learning-tutorial/?ref=home-articlecards,Deep Learning
https://www.geeksforgeeks.org/natural-language-processing-nlp-tutorial/?ref=home-articlecards,Natural Language Processing
https://www.geeksforgeeks.org/data-visualization-and-its-importance/?ref=home-articlecards,Data Visualization
https://www.geeksforgeeks.org/computer-vision/?ref=home-articlecards,Computer Vision
https://www.geeksforgeeks.org/web-development/?ref=home_viewall_row3,View All
https://www.geeksforgeeks.org/javascript/?ref=home-articlecards,JavaScript
https://www.geeksforgeeks.org/html-tutorial/?ref=home-articlecards,HTML
https://www.geeksforgeeks.org/css-tutorial/?ref=home-articlecards,CSS
https://www.geeksforgeeks.org/react-tutorial/?ref=home-articlecards,ReactJS
https://www.geeksforgeeks.org/nodejs/?ref=home-articlecards,Node.js
https://www.geeksforgeeks.org/django-tutorial/?ref=home-articlecards,Django
https://www.geeksforgeeks.org/front-end-development/?ref=home-articlecards,Frontend Development
https://www.geeksforgeeks.org/backend-development/?ref=home-articlecards,Backend Development
https://www.geeksforgeeks.org/programming-languages/?ref=home_viewall_row4,View All
https://www.geeksforgeeks.org/python-programming-language/?ref=home-articlecards,Python
https://www.geeksforgeeks.org/java/?ref=home-articlecards,Java
https://www.geeksforgeeks.org/c-plus-plus/?ref=home-articlecards,C++
https://www.geeksforgeeks.org/c-programming-language/?ref=home-articlecards,C
https://www.geeksforgeeks.org/php-tutorial/?ref=home-articlecards,PHP
https://www.geeksforgeeks.org/r-tutorial/?ref=home-articlecards,R
https://www.geeksforgeeks.org/flutter-tutorial/?ref=home-articlecards,Flutter
https://www.geeksforgeeks.org/golang/?ref=home-articlecards,Golang
https://www.geeksforgeeks.org/gate-cs-notes-gq/?ref=home_viewall_row5,View All
https://www.geeksforgeeks.org/operating-systems/?ref=home-articlecards,Operating System
https://www.geeksforgeeks.org/computer-network-tutorials/?ref=home-articlecards,Computer Network
https://www.geeksforgeeks.org/dbms/?ref=home-articlecards,DBMS
https://www.geeksforgeeks.org/engineering-mathematics-tutorials/?ref=home-articlecards,Engineering Mathematics
https://www.geeksforgeeks.org/software-engineering/?ref=home-articlecards,Software Engineering
https://www.geeksforgeeks.org/digital-electronics-logic-design-tutorials/?ref=home-articlecards,Digital Electronics
https://www.geeksforgeeks.org/compiler-design-tutorials/?ref=home-articlecards,Compiler Design
https://www.geeksforgeeks.org/computer-organization-and-architecture-tutorials/?ref=home-articlecards,Computer Organisation and Architecture
https://www.geeksforgeeks.org/getting-started-with-database-management-system/?ref=home_viewall_row6,View All
https://www.geeksforgeeks.org/sql-tutorial/?ref=home-articlecards,SQL
https://www.geeksforgeeks.org/mysql-tutorial/?ref=home-articlecards,MYSQL
https://www.geeksforgeeks.org/mongodb-tutorial/?ref=home-articlecards,MongoDB
https://www.geeksforgeeks.org/postgresql-tutorial/?ref=home-articlecards,PostgreSQL
https://www.geeksforgeeks.org/pl-sql-tutorial/?ref=home-articlecards,PL/SQL
https://www.geeksforgeeks.org/sql-cheat-sheet/?ref=home-articlecards,SQL Cheatsheet
https://www.geeksforgeeks.org/sql-interview-questions/?ref=home-articlecards,SQL Interview Questions
https://www.geeksforgeeks.org/mysql-interview-questions/?ref=home-articlecards,MYSQL Interview Questions
https://www.geeksforgeeks.org/devops-tutorial/?ref=home_viewall_row7,View All
https://www.geeksforgeeks.org/git-tutorial/?ref=home-articlecards,GIT
https://www.geeksforgeeks.org/aws-tutorial/?ref=home-articlecards,Amazon Web Services
https://www.geeksforgeeks.org/kubernetes-tutorial/?ref=home-articlecards,Kubernetes
https://www.geeksforgeeks.org/docker-tutorial/?ref=home-articlecards,Docker
https://www.geeksforgeeks.org/microsoft-azure/?ref=home-articlecards,Microsoft Azure
https://www.geeksforgeeks.org/google-cloud-platform-tutorial/?ref=home-articlecards,Google Cloud Platform
https://www.geeksforgeeks.org/devops-roadmap/?ref=home-articlecards,DevOps Roadmap
https://www.geeksforgeeks.org/devops-interview-questions/?ref=home-articlecards,DevOps Interview Questions
https://www.geeksforgeeks.org/geeksforgeeks-online-tutorials-free/?ref=home_viewall_row8,View All
https://www.geeksforgeeks.org/system-design-tutorial/?ref=home-articlecards,System Design
https://www.geeksforgeeks.org/android-tutorial/?ref=home-articlecards,Android
https://www.geeksforgeeks.org/linux-tutorial/?ref=home-articlecards,Linux
https://www.geeksforgeeks.org/software-design-patterns/?ref=home-articlecards,Design Pattern
https://www.geeksforgeeks.org/software-testing-tutorial/?ref=home-articlecards,Software Testing
https://www.geeksforgeeks.org/product-management/?ref=home-articlecards,Product Management
https://www.geeksforgeeks.org/project-management-tutorial/?ref=home-articlecards,Project Management
https://www.geeksforgeeks.org/excel-tutorial/?ref=home-articlecards,Excel
https://www.geeksforgeeks.org/dsa-roadmap-for-beginner-to-advanced-by-sandeep-jain/?ref=home-articlecards,DSA Roadmap Beg to Adv
https://www.geeksforgeeks.org/complete-guide-to-dynamic-programming/?ref=home-articlecards,Dynamic Programming
https://www.geeksforgeeks.org/system-design-interview-guide/?ref=home-articlecards,System Design Interview Guide
https://www.geeksforgeeks.org/django-with-tailwind/?ref=home-articlecards,Django with Tailwind
https://www.geeksforgeeks.org/free-django-with-react-tutorial/?ref=home-articlecards,Django with ReactJS
https://www.geeksforgeeks.org/learn-sql-and-database/?ref=home-articlecards,SQL Complete Course
https://www.geeksforgeeks.org/r-programming-free-course/?ref=home-articlecards,R Programming
https://www.geeksforgeeks.org/learn-express/?ref=home-articlecards,Express.js
https://www.geeksforgeeks.org/geeksforgeeks-school/?ref=home_viewall_row10,View All
https://www.geeksforgeeks.org/maths/?ref=home-articlecards,Maths
https://www.geeksforgeeks.org/physics/?ref=home-articlecards,Physics
https://www.geeksforgeeks.org/chemistry/?ref=home-articlecards,Chemistry
https://www.geeksforgeeks.org/biology/?ref=home-articlecards,Biology
https://www.geeksforgeeks.org/commerce/?ref=home-articlecards,Commerce
https://www.geeksforgeeks.org/social-science/?ref=home-articlecards,Social Science
https://www.geeksforgeeks.org/english-grammar/?ref=home-articlecards,English
https://www.geeksforgeeks.org/school-programming/?ref=home-articlecards,School Programming
https://www.geeksforgeeks.org/community/?ref=home-articlecards,Explore Community
https://www.geeksforgeeks.org/videos/?ref=home-articlecards,Watch Videos
https://www.geeksforgeeks.org/events?ref=home-articlecards,GfG Coding Contest
https://www.geeksforgeeks.org/advertise-with-us/?ref=home-articlecards,Advertise with Us
https://www.geeksforgeeks.org/,
https://www.facebook.com/geeksforgeeks.org/,
https://www.instagram.com/geeks_for_geeks/,
https://in.linkedin.com/company/geeksforgeeks,
https://twitter.com/geeksforgeeks,
https://www.youtube.com/geeksforgeeksvideos,
https://geeksforgeeksapp.page.link/gfg-app,
https://geeksforgeeksapp.page.link/gfg-app,
https://www.geeksforgeeks.org/about/?ref=outindfooter,About Us
https://www.geeksforgeeks.org/legal/?ref=outindfooter,Legal
https://www.geeksforgeeks.org/press-release/?ref=outindfooter,In Media
https://www.geeksforgeeks.org/about/contact-us/?ref=outindfooter,Contact Us
https://www.geeksforgeeks.org/advertise-with-us/?ref=outindfooter,Advertise with us
https://www.geeksforgeeks.org/gfg-corporate-solution/?ref=outindfooter,GFG Corporate Solution
https://www.geeksforgeeks.org/campus-training-program/?ref=outindfooter,Placement Training Program
https://www.geeksforgeeks.org/community/?ref=outindfooter,GeeksforGeeks Community
https://www.geeksforgeeks.org/introduction-to-programming-languages/?ref=outindfooter,Languages
https://www.geeksforgeeks.org/python-programming-language/?ref=outindfooter,Python
https://www.geeksforgeeks.org/java/?ref=outindfooter,Java
https://www.geeksforgeeks.org/c-plus-plus/?ref=outindfooter,C++
https://www.geeksforgeeks.org/php-tutorials/?ref=outindfooter,PHP
https://www.geeksforgeeks.org/golang/?ref=outindfooter,GoLang
https://www.geeksforgeeks.org/sql-tutorial/?ref=outindfooter,SQL
https://www.geeksforgeeks.org/r-tutorial/?ref=outindfooter,R Language
https://www.geeksforgeeks.org/android-tutorial/?ref=outindfooter,Android Tutorial
https://www.geeksforgeeks.org/geeksforgeeks-online-tutorials-free/?ref=outindfooter,Tutorials Archive
https://www.geeksforgeeks.org/learn-data-structures-and-algorithms-dsa-tutorial/?ref=outindfooter,DSA
https://www.geeksforgeeks.org/data-structures/?ref=outindfooter,Data Structures
https://www.geeksforgeeks.org/fundamentals-of-algorithms/?ref=outindfooter,Algorithms
https://www.geeksforgeeks.org/complete-guide-to-dsa-for-beginners/?ref=outindfooter,DSA for Beginners
https://www.geeksforgeeks.org/basic-coding-problems-in-dsa-for-beginners/?ref=outindfooter,Basic DSA Problems
https://www.geeksforgeeks.org/complete-roadmap-to-learn-dsa-from-scratch/?ref=outindfooter,DSA Roadmap
https://www.geeksforgeeks.org/top-100-data-structure-and-algorithms-dsa-interview-questions-topic-wise/?ref=outindfooter,Top 100 DSA Interview Problems
https://www.geeksforgeeks.org/dsa-roadmap-for-beginner-to-advanced-by-sandeep-jain/?ref=outindfooter,DSA Roadmap by Sandeep Jain
https://www.geeksforgeeks.org/geeksforgeeks-master-sheet-list-of-all-cheat-sheets/?ref=outindfooter,All Cheat Sheets
https://www.geeksforgeeks.org/ai-ml-ds/?ref=outindfooter,Data Science & ML
https://www.geeksforgeeks.org/data-science-tutorial/?ref=outindfooter,Data Science With Python
https://www.geeksforgeeks.org/data-science-for-beginners/?ref=outindfooter,Data Science For Beginner
https://www.geeksforgeeks.org/machine-learning/?ref=outindfooter,Machine Learning
https://www.geeksforgeeks.org/machine-learning-mathematics/?ref=outindfooter,ML Maths
https://www.geeksforgeeks.org/python-data-visualization-tutorial/?ref=outindfooter,Data Visualisation
https://www.geeksforgeeks.org/pandas-tutorial/?ref=outindfooter,Pandas
https://www.geeksforgeeks.org/numpy-tutorial/?ref=outindfooter,NumPy
https://www.geeksforgeeks.org/natural-language-processing-nlp-tutorial/?ref=outindfooter,NLP
https://www.geeksforgeeks.org/deep-learning-tutorial/?ref=outindfooter,Deep Learning
https://www.geeksforgeeks.org/web-technology/?ref=outindfooter,Web Technologies
https://www.geeksforgeeks.org/html/?ref=outindfooter,HTML
https://www.geeksforgeeks.org/css/?ref=outindfooter,CSS
https://www.geeksforgeeks.org/javascript/?ref=outindfooter,JavaScript
https://www.geeksforgeeks.org/typescript/?ref=outindfooter,TypeScript
https://www.geeksforgeeks.org/learn-reactjs/?ref=outindfooter,ReactJS
https://www.geeksforgeeks.org/nextjs/?ref=outindfooter,NextJS
https://www.geeksforgeeks.org/bootstrap/?ref=outindfooter,Bootstrap
https://www.geeksforgeeks.org/web-design/?ref=outindfooter,Web Design
https://www.geeksforgeeks.org/python-programming-language/?ref=outindfooter,Python Tutorial
https://www.geeksforgeeks.org/python-programming-examples/?ref=outindfooter,Python Programming Examples
https://www.geeksforgeeks.org/python-projects-beginner-to-advanced/?ref=outindfooter,Python Projects
https://www.geeksforgeeks.org/python-tkinter-tutorial/?ref=outindfooter,Python Tkinter
https://www.geeksforgeeks.org/python-web-scraping-tutorial/?ref=outindfooter,Web Scraping
https://www.geeksforgeeks.org/opencv-python-tutorial/?ref=outindfooter,OpenCV Tutorial
https://www.geeksforgeeks.org/python-interview-questions/?ref=outindfooter,Python Interview Question
https://www.geeksforgeeks.org/django-tutorial/?ref=outindfooter,Django
https://www.geeksforgeeks.org/operating-systems/?ref=outindfooter,Operating Systems
https://www.geeksforgeeks.org/computer-network-tutorials/?ref=outindfooter,Computer Network
https://www.geeksforgeeks.org/dbms/?ref=outindfooter,Database Management System
https://www.geeksforgeeks.org/software-engineering/?ref=outindfooter,Software Engineering
https://www.geeksforgeeks.org/digital-electronics-logic-design-tutorials/?ref=outindfooter,Digital Logic Design
https://www.geeksforgeeks.org/engineering-mathematics-tutorials/?ref=outindfooter,Engineering Maths
https://www.geeksforgeeks.org/software-development/?ref=outindfooter,Software Development
https://www.geeksforgeeks.org/software-testing-tutorial/?ref=outindfooter,Software Testing
https://www.geeksforgeeks.org/devops-tutorial/?ref=outindfooter,DevOps
https://www.geeksforgeeks.org/git-tutorial/?ref=outindfooter,Git
https://www.geeksforgeeks.org/linux-tutorial/?ref=outindfooter,Linux
https://www.geeksforgeeks.org/aws-tutorial/?ref=outindfooter,AWS
https://www.geeksforgeeks.org/docker-tutorial/?ref=outindfooter,Docker
https://www.geeksforgeeks.org/kubernetes-tutorial/?ref=outindfooter,Kubernetes
https://www.geeksforgeeks.org/microsoft-azure/?ref=outindfooter,Azure
https://www.geeksforgeeks.org/google-cloud-platform-tutorial/?ref=outindfooter,GCP
https://www.geeksforgeeks.org/devops-roadmap/?ref=outindfooter,DevOps Roadmap
https://www.geeksforgeeks.org/system-design-tutorial/?ref=outindfooter,System Design
https://www.geeksforgeeks.org/what-is-high-level-design-learn-system-design/?ref=outindfooter,High Level Design
https://www.geeksforgeeks.org/what-is-low-level-design-or-lld-learn-system-design/?ref=outindfooter,Low Level Design
https://www.geeksforgeeks.org/unified-modeling-language-uml-introduction/?ref=outindfooter,UML Diagrams
https://www.geeksforgeeks.org/system-design-interview-guide/?ref=outindfooter,Interview Guide
https://www.geeksforgeeks.org/software-design-patterns/?ref=outindfooter,Design Patterns
https://www.geeksforgeeks.org/object-oriented-analysis-and-design/?ref=outindfooter,OOAD
https://www.geeksforgeeks.org/system-design-interview-bootcamp-guide/?ref=outindfooter,System Design Bootcamp
https://www.geeksforgeeks.org/most-commonly-asked-system-design-interview-problems-questions/?ref=outindfooter,Interview Questions
https://www.geeksforgeeks.org/technical-interview-preparation/?ref=outindfooter,Inteview Preparation
https://www.geeksforgeeks.org/competitive-programming-a-complete-guide/?ref=outindfooter,Competitive Programming
https://www.geeksforgeeks.org/top-algorithms-and-data-structures-for-competitive-programming/?ref=outindfooter,Top DS or Algo for CP
https://www.geeksforgeeks.org/company-wise-recruitment-process/?ref=outindfooter,Company-Wise Recruitment Process
https://www.geeksforgeeks.org/company-preparation/?ref=outindfooter,Company-Wise Preparation
https://www.geeksforgeeks.org/aptitude-questions-and-answers/?ref=outindfooter,Aptitude Preparation
https://www.geeksforgeeks.org/puzzles/?ref=outindfooter,Puzzles
https://www.geeksforgeeks.org/maths/?ref=outindfooter,Mathematics
https://www.geeksforgeeks.org/physics/?ref=outindfooter,Physics
https://www.geeksforgeeks.org/chemistry/?ref=outindfooter,Chemistry
https://www.geeksforgeeks.org/biology/?ref=outindfooter,Biology
https://www.geeksforgeeks.org/social-science/?ref=outindfooter,Social Science
https://www.geeksforgeeks.org/english-grammar/?ref=outindfooter,English Grammar
https://www.geeksforgeeks.org/commerce/?ref=outindfooter,Commerce
https://www.geeksforgeeks.org/tag/world-general-knowledge/?ref=outindfooter,World GK
https://www.geeksforgeeks.org/videos/?ref=outindfooter,GeeksforGeeks Videos
https://www.geeksforgeeks.org/videos/category/sde-sheet/?ref=outindfooter,DSA
https://www.geeksforgeeks.org/videos/category/python/?ref=outindfooter,Python
https://www.geeksforgeeks.org/videos/category/java-w6y5f4/?ref=outindfooter,Java
https://www.geeksforgeeks.org/videos/category/c/?ref=outindfooter,C++
https://www.geeksforgeeks.org/videos/category/web-development/?ref=outindfooter,Web Development
https://www.geeksforgeeks.org/videos/category/data-science/?ref=outindfooter,Data Science
https://www.geeksforgeeks.org/videos/category/cs-subjects/?ref=outindfooter,CS Subjects
https://www.geeksforgeeks.org/,"@GeeksforGeeks, Sanchhaya Education Private Limited"
https://www.geeksforgeeks.org/copyright-information/,All rights reserved
